{
    "train_loss_D": [
        0.5163405537605286,
        0.49427443742752075,
        0.29954466223716736,
        0.4975946247577667,
        0.48825567960739136
    ],
    "train_loss_G": [
        6.62370491027832,
        6.594953536987305,
        7.655078887939453,
        6.616963863372803,
        6.419055938720703
    ],
    "train_loss_G_gan": [
        1.3538540601730347,
        1.5674128532409668,
        2.456451416015625,
        1.7090731859207153,
        1.6970676183700562
    ],
    "train_loss_G_l1": [
        5.269850730895996,
        5.027540683746338,
        5.198627471923828,
        4.907890319824219,
        4.721988677978516
    ],
    "val_loss_D": [
        0.6786293387413025,
        0.6960695385932922,
        0.6322378516197205,
        0.6108881831169128,
        0.6417143940925598
    ],
    "val_loss_G": [
        6.366317272186279,
        6.876528739929199,
        6.833992004394531,
        7.038152694702148,
        6.430979251861572
    ],
    "val_loss_G_gan": [
        1.2062276601791382,
        1.2783939838409424,
        1.0493718385696411,
        1.075321912765503,
        0.7839263081550598
    ],
    "val_loss_G_l1": [
        5.160089492797852,
        5.598134994506836,
        5.78462028503418,
        5.962831020355225,
        5.647052764892578
    ],
    "learning_rates": {
        "G": [
            0.00019999999494757503,
            0.00019999999494757503,
            0.00019999999494757503,
            0.00019999999494757503,
            0.00019999999494757503
        ],
        "D": [
            0.00019999999494757503,
            0.00019999999494757503,
            0.00019999999494757503,
            0.00019999999494757503,
            0.00019999999494757503
        ]
    }
}