{
  "epoch": 16,
  "timestamp": "2025-11-09T18:15:06.589251",
  "model_path": "checkpoints/checkpoint_epoch_0016.pth",
  "samples_evaluated": 160,
  "psnr": {
    "mean": 27.78682334497558,
    "std": 4.5030450242396,
    "min": 14.354937290982662,
    "max": 41.396999978207496,
    "median": 28.126806474634478
  },
  "ssim": {
    "mean": 0.9432297932141601,
    "std": 0.05442235905241876,
    "min": 0.6803103190570249,
    "max": 0.9961115746847208,
    "median": 0.9558274091157772
  },
  "inception_score": 2.590559937993196,
  "fid_score": 1762779.069174916
}