{
  "epoch": 16,
  "timestamp": "2025-11-10T09:55:17.536883",
  "model_path": "checkpoints/checkpoint_epoch_0016.pth",
  "samples_evaluated": 160,
  "psnr": {
    "mean": 27.24109416199097,
    "std": 5.073986992631881,
    "min": 12.95280001334387,
    "max": 41.20970844669377,
    "median": 26.862892114626405
  },
  "ssim": {
    "mean": 0.9366425108537684,
    "std": 0.05502866603109211,
    "min": 0.7197944416794559,
    "max": 0.9952731815565526,
    "median": 0.9539879218477839
  },
  "inception_score": 2.8048536863927644
}