{
  "epoch": 16,
  "timestamp": "2025-11-10T09:44:35.378132",
  "model_path": "checkpoints/checkpoint_epoch_0016.pth",
  "samples_evaluated": 160,
  "psnr": {
    "mean": 27.264101853190205,
    "std": 4.759143326594531,
    "min": 13.839866800801843,
    "max": 35.87739476494952,
    "median": 27.896853524093558
  },
  "ssim": {
    "mean": 0.9358591947376442,
    "std": 0.06884120512274995,
    "min": 0.546755979986405,
    "max": 0.9926222629781568,
    "median": 0.959586748779824
  },
  "inception_score": 2.693334671498607
}